title,url,last_chapter
"蛇王,你好壞",/060639641/,26
魔道Ⅳ『蛇奴』,/210939656/,24
火爆妖夫,/040139612/,122
噩夢番外,/230239577/,0
山上有老虎,/110539592/,0
無關對錯 上,/260839607/,0
共生契_派派小說,/130439567/,0
小雞，快跑,/070139588/,0
狼愛,/131039621/,0
創、尋,/160739570/,0
魔魅I PART1,/231139658/,0
無關對錯 下,/270939608/,0
野獸王子動物兇猛,/150339650/,0
小狼將軍@,/061239587/,0
吟語低喃,/220139576/,0
寵物店的男人們_ 番外,/030939584/,0
戲夢 上,/171139598/,0
妖戀日,/010739582/,0
蛇寵,/050539640/,0
狐狸愛,/080539616/,0
血葬,/080839643/,0
小狼將軍@,/061239587/,0
吟語低喃,/220139576/,0
寵物店的男人們_ 番外,/030939584/,0
戲夢 上,/171139598/,0
妖戀日,/010739582/,0
蛇寵,/050539640/,0
狐狸愛,/080539616/,0
血葬,/080839643/,0
野獸王子,/140239649/,0
美神禁獵區,/251039633/,0
帝寄蛇情 木耳_派派小說,/120639593/,0
我的獸人老公93,/200239601/,0
蛇侵,/010139636/,0
我的男友是條狼_派派小說,/210339602/,0
章魚PK人,/220739630/,0
番外 小龍育嬰記,/200539628/,0
天神右翼第三部,/250439579/,0
野獸王子此屋有凶獸，慎入@,/160439651/,0
另類相公們,/201139574/,0
愛的豹豹@,/050239613/,0
獸人美男後宮+後續2,/150639569/,0
魔魅I PART3,/250139660/,0
天神右翼第一部,/240339578/,0
宮孽 第一部,/041039585/,0
我的獸人老公93,/200239601/,0
蛇侵,/010139636/,0
我的男友是條狼_派派小說,/210339602/,0
章魚PK人,/220739630/,0
番外 小龍育嬰記,/200539628/,0
天神右翼第三部,/250439579/,0
野獸王子此屋有凶獸，慎入@,/160439651/,0
另類相公們,/201139574/,0
愛的豹豹@,/050239613/,0
獸人美男後宮+後續2,/150639569/,0
魔魅I PART3,/250139660/,0
天神右翼第一部,/240339578/,0
宮孽 第一部,/041039585/,0
蛇之婬,/271239635/,0
傻七受難記,/120339566/,0
超級人獸,/121239647/,0
小龍養個蛇寶寶,/080239589/,0
蛇妻,/040439639/,0
我的野獸王子,/220439603/,0
新娘與淫獸,/240639605/,0
妖惑天下 沒落的獸人帝國,/020839583/,0
迷失,/130139648/,0
狼來了 人PK狼（攻,/120939620/,0
小龍寶寶度天劫,/090339590/,0
狼愛似火,/141139622/,0
折翼的青鳥,/230539604/,0
債．愛,/100139564/,0
魔魅I PART2,/241239659/,0
狐狸情事-16,/070439615/,0
生命之光,/170239625/,0
魔魅六夢,/270339662/,0
怪異性交對象教科書 - powered,/130739594/,0
警官的老虎老公,/090939644/,0
給我豹豹,/240939632/,0
獸人星球@,/140539568/,0
貴族女孩,/111139646/,0
天神右翼第二部,/260539580/,0
宮孽 第二部,/051139586/,0
珠玉在側,/160139624/,0
男妖重重__大對蝦,/180339626/,0
青蛇傳,/200839655/,0
南有嘉魚 人PK魚,/191039573/,0
惹鬼,/161039597/,0
青蛇傳,/200839655/,0
南有嘉魚 人PK魚,/191039573/,0
惹鬼,/161039597/,0
蛇奴————沉雪,/020239637/,0
蛇妖,/030339638/,0
戲夢 中,/190139600/,0
獅情化欲()最新更新,/090639617/,0
細雨飄零,/230839631/,0
銀蛇耳環,/170539652/,0
雀巢,/190739654/,0
蛇妖,/030339638/,0
戲夢 中,/190139600/,0
獅情化欲()最新更新,/090639617/,0
細雨飄零,/230839631/,0
銀蛇耳環,/170539652/,0
雀巢,/190739654/,0
春露,/011039609/,0
悲慘孕父,/140839595/,0
海茵斯家族之雙倍的愛,/031239611/,0
魔魅第三部,/010439663/,0
狼後傳奇,/110839619/,0
戲夢 下,/181239599/,0
百合谷,/210639629/,0
愛繩女孩,/060339614/,0
蛇王掠情,/070739642/,0
隸娘商店,/180639653/,0
玉京子,/151239623/,0
玉京子,/151239623/,0
制服少女,/170839571/,0
藏嬌,/261139634/,0
就這樣把自己賣了,/100439591/,0
惹鬼番外合集,/150939596/,0
梧桐相待老,/021139610/,0
魔魅II PART2（完,/260239661/,0
偷心小蛇仙,/110239565/,0
偷心小蛇仙,/110239565/,0
番外 右手的幸福,/190439627/,0
魔都,/221039657/,0
女傭,/270639581/,0
魔都,/221039657/,0
女傭,/270639581/,0
史萊姆契約公主,/211239575/,0
勇者逗餓龍,/180939572/,0
誘拐偶像,/101039645/,0
獅情化欲,/100739618/,0
新黑公子傳奇,/250739606/,0
