title,url
"蛇王,你好壞",/060639641/
魔道Ⅳ『蛇奴』,/210939656/
火爆妖夫,/040139612/
噩夢番外,/230239577/
山上有老虎,/110539592/
無關對錯 上,/260839607/
共生契_派派小說,/130439567/
小雞，快跑,/070139588/
狼愛,/131039621/
創、尋,/160739570/
魔魅I PART1,/231139658/
無關對錯 下,/270939608/
野獸王子動物兇猛,/150339650/
小狼將軍@,/061239587/
吟語低喃,/220139576/
寵物店的男人們_ 番外,/030939584/
戲夢 上,/171139598/
妖戀日,/010739582/
蛇寵,/050539640/
狐狸愛,/080539616/
血葬,/080839643/
小狼將軍@,/061239587/
吟語低喃,/220139576/
寵物店的男人們_ 番外,/030939584/
戲夢 上,/171139598/
妖戀日,/010739582/
蛇寵,/050539640/
狐狸愛,/080539616/
血葬,/080839643/
野獸王子,/140239649/
美神禁獵區,/251039633/
帝寄蛇情 木耳_派派小說,/120639593/
我的獸人老公93,/200239601/
蛇侵,/010139636/
我的男友是條狼_派派小說,/210339602/
章魚PK人,/220739630/
番外 小龍育嬰記,/200539628/
天神右翼第三部,/250439579/
野獸王子此屋有凶獸，慎入@,/160439651/
另類相公們,/201139574/
愛的豹豹@,/050239613/
獸人美男後宮+後續2,/150639569/
魔魅I PART3,/250139660/
天神右翼第一部,/240339578/
宮孽 第一部,/041039585/
我的獸人老公93,/200239601/
蛇侵,/010139636/
我的男友是條狼_派派小說,/210339602/
章魚PK人,/220739630/
番外 小龍育嬰記,/200539628/
天神右翼第三部,/250439579/
野獸王子此屋有凶獸，慎入@,/160439651/
另類相公們,/201139574/
愛的豹豹@,/050239613/
獸人美男後宮+後續2,/150639569/
魔魅I PART3,/250139660/
天神右翼第一部,/240339578/
宮孽 第一部,/041039585/
蛇之婬,/271239635/
傻七受難記,/120339566/
超級人獸,/121239647/
小龍養個蛇寶寶,/080239589/
蛇妻,/040439639/
我的野獸王子,/220439603/
新娘與淫獸,/240639605/
妖惑天下 沒落的獸人帝國,/020839583/
迷失,/130139648/
狼來了 人PK狼（攻,/120939620/
小龍寶寶度天劫,/090339590/
狼愛似火,/141139622/
折翼的青鳥,/230539604/
債．愛,/100139564/
魔魅I PART2,/241239659/
狐狸情事-16,/070439615/
生命之光,/170239625/
魔魅六夢,/270339662/
怪異性交對象教科書 - powered,/130739594/
警官的老虎老公,/090939644/
給我豹豹,/240939632/
獸人星球@,/140539568/
貴族女孩,/111139646/
天神右翼第二部,/260539580/
宮孽 第二部,/051139586/
珠玉在側,/160139624/
男妖重重__大對蝦,/180339626/
青蛇傳,/200839655/
南有嘉魚 人PK魚,/191039573/
惹鬼,/161039597/
青蛇傳,/200839655/
南有嘉魚 人PK魚,/191039573/
惹鬼,/161039597/
蛇奴————沉雪,/020239637/
蛇妖,/030339638/
戲夢 中,/190139600/
獅情化欲()最新更新,/090639617/
細雨飄零,/230839631/
銀蛇耳環,/170539652/
雀巢,/190739654/
蛇妖,/030339638/
戲夢 中,/190139600/
獅情化欲()最新更新,/090639617/
細雨飄零,/230839631/
銀蛇耳環,/170539652/
雀巢,/190739654/
春露,/011039609/
悲慘孕父,/140839595/
海茵斯家族之雙倍的愛,/031239611/
魔魅第三部,/010439663/
狼後傳奇,/110839619/
戲夢 下,/181239599/
百合谷,/210639629/
愛繩女孩,/060339614/
蛇王掠情,/070739642/
隸娘商店,/180639653/
玉京子,/151239623/
玉京子,/151239623/
制服少女,/170839571/
藏嬌,/261139634/
就這樣把自己賣了,/100439591/
惹鬼番外合集,/150939596/
梧桐相待老,/021139610/
魔魅II PART2（完,/260239661/
偷心小蛇仙,/110239565/
偷心小蛇仙,/110239565/
番外 右手的幸福,/190439627/
魔都,/221039657/
女傭,/270639581/
魔都,/221039657/
女傭,/270639581/
史萊姆契約公主,/211239575/
勇者逗餓龍,/180939572/
誘拐偶像,/101039645/
獅情化欲,/100739618/
新黑公子傳奇,/250739606/
